Strategy,Final_PnL,Risk_StdDev,Max_Drawdown,Sharpe_Ratio
Unhedged,80170.0,28353.645965943688,0.0,1.6413754918057428
Delta Hedged,118472.70783942743,8229.448212934321,98953.76397178737,14.121062994114533
Delta-Gamma,69036.39772380373,4822.1446933726675,57331.707970007854,13.892315807206108
Vega Hedged,76950.0589320653,5640.697474134918,66352.90998476099,13.604384772830116
