Strategy,Final P&L,Risk (Std Dev)
Unhedged,80170.0,28353.645965943688
Delta Hedged,18652.70783942745,8229.448212934323
Delta-Gamma,-14041.340564488093,6544.500574243914
Vega Hedged,-1175.9083940658616,7372.498661038684
