Option_Type,Strategy,Final_PnL,StdDev,Max_Drawdown,Risk_Adjusted_Return
CALL,Unhedged,94590.0,28080.747156128848,94880.0,3.3685001141201822
CALL,Delta,29462.09716467082,10768.846355645976,35448.99659927492,2.7358638234469934
CALL,Delta-Gamma,29539.273192430264,9786.027033185706,32688.680522485403,3.0185153885492753
CALL,Delta-Vega,1306.4423286877236,1299.9153497416764,4956.621496179569,1.0050210799859731
PUT,Unhedged,-58505.0,22012.424587411224,98750.0,-2.6578171690118437
PUT,Delta,-5971.975734078558,4847.01530337077,24817.480231732596,-1.2320934348867136
PUT,Delta-Gamma,-12076.984042245196,5191.311547591398,25907.50322278519,-2.326383984380311
PUT,Delta-Vega,-9058.624288623789,1766.3958687814293,10846.549882706546,-5.128309258825993
