Option_Type,Strategy,Final_PnL,StdDev,Max_Drawdown,Risk_Adjusted_Return
CALL,Unhedged,94590.0,28080.747156128848,94880.0,3.3685001141201822
CALL,Delta,26368.880399729474,8468.342935190847,28913.67224462179,3.1138182052301606
CALL,Delta-Gamma,10272.65511517856,3939.5009253829885,13144.87263358703,2.607603173536475
CALL,Delta-Vega,1306.4423286877236,1299.9153497416764,4956.621496179569,1.0050210799859731
PUT,Unhedged,-58505.0,22012.424587411224,98750.0,-2.6578171690118437
PUT,Delta,-5971.975734078558,4847.01530337077,24817.480231732596,-1.2320934348867136
PUT,Delta-Gamma,-10019.417234276581,2352.6209278239526,13918.017417438077,-4.258831975767555
PUT,Delta-Vega,-9058.624288623789,1766.3958687814293,10846.549882706546,-5.128309258825993
